[{"model": "auth.user", "pk": 1, "fields": {"password": "pbkdf2_sha256$260000$ODk0Zo8THwEpBYsgrXdEJb$08TlYDKUq0U6l/EZrS2vpaWPkTesG91PEqha2+D1jHQ=", "last_login": "2025-03-02T16:05:49.578Z", "is_superuser": false, "username": "ma317", "first_name": "", "last_name": "", "email": "", "is_staff": false, "is_active": true, "date_joined": "2025-03-02T16:05:37.567Z", "groups": [], "user_permissions": []}}, {"model": "sessions.session", "pk": "iv2t2h72msinxe2b34d5tm8hw6j60eir", "fields": {"session_data": ".eJxVjMsOwiAQRf-FtSE8CoMu3fsNZGCmUjWQlHZl_HfbpAvd3nPOfYuI61Li2nmOE4mL0OL0uyXMT647oAfWe5O51WWektwVedAub434dT3cv4OCvWy14pGsY4CBjIKREa31CB7IK-fNeQjI3oBOwelEOWh0zgMri6Q2rMXnC9vJN0E:1tolp7:uQIrLWkoxv-gpHv-YJuOwZvU_w4CWKGFTIWFwbQv1bc", "expire_date": "2025-03-16T16:05:49.579Z"}}, {"model": "cmGenerator.story", "pk": 1, "fields": {"user": 1, "club": "Al Tai", "formation": "4-1-2-1-2(2)", "challenge": "Win the world cup", "background": "<h4>Club Backstory:</h4>\n<p>The club was founded in 1921 under the name Club Atlético Osasuna, initially as a rugby union club. It transitioned to football in the early 1930s and quickly rose through the ranks of Spanish football. The club's iconic green and black colors became a staple, with the nickname \"Los Rojos.\" Osasuna earned promotion to La Liga in 1952, marking the start of their golden era. The late 50s and early 60s saw Osasuna become a dominant force in Spanish football, finishing in the top half of the table for much of the decade. Their rivalry with Real Sociedad has been one of the most bitter in Spanish football, often referred to as the \"Derby Navarro.\" This competition has fueled countless dramatic encounters and remains a cornerstone of Spanish football lore.</p>\n\n<h4>League History:</h4>\n<p>The league Osasuna competes in is known for its rich history and competitive nature. The four most successful clubs include Real Madrid, Barcelona, Atlético Madrid, and Osasuna itself. Real Madrid's dominance in the early 21st century set a high standard, while Barcelona has consistently challenged for titles. Atlético Madrid emerged as a powerhouse post-World War II, thanks to their aggressive style and key players like José María García. Osasuna's historical success includes two league titles (1948 and 1952) and multiple cup victories. The biggest rivalries are with Real Sociedad and Athletic Bilbao, both of which have deep historical roots in the Basque Country. These rivalries are often defined by regional pride and a long-standing competition for supremacy.</p>\n\n<h4>Club Philosophy:</h4>\n<p>Osasuna's philosophy has always been centered on a balanced approach to the game. They prioritize possession while emphasizing defensive organization and attacking efficiency. The club has historically relied on quick transitions and counter-attacks, exploiting opponents' defensive lapses. Osasuna's transfer policy focuses on signing players who can adapt to their style and fit into a cohesive team structure. Over the years, this approach has helped develop young talent while attracting experienced players who can bolster the squad.</p>\n\n<h4>Club Influence and Achievements:</h4>\n<p>Osasuna's influence on soccer is evident in their ability to produce world-class players like Isco and Pablo Ibáñez. These former players have gone on to represent Spain at international level, bringing international recognition to the club. Their most successful season came in 1952-53 when they won both the league and cup titles. In continental competitions, Osasuna reached the semi-finals of the European Cup in 1958, showcasing their competitive edge. The club's influence extends to fostering a unique identity that blends tradition with modernity. Legends like Marquitos and Agustín Gaínza are still celebrated as icons, while current stars like Rubén Garcés continue to carry on the legacy.</p>", "created_at": "2025-03-02T16:06:51.863Z"}}, {"model": "cmGenerator.story", "pk": 2, "fields": {"user": 1, "club": "Holstein Kiel", "formation": "4-4-2(2)", "challenge": "Win a treble and a World Cup", "background": "<h4>Club Backstory:</h4>\n<p>Founded in 1921, CA Osasuna is a historic football club based in Pamplona, Navarra, Spain. Over the years, the club has developed a rich tradition rooted in passion and resilience. Their nickname, \"La Cañada,\" reflects their unique identity as a small yet formidable team. The club's history is marked by numerous promotional battles to reach the top tiers of Spanish football. Osasuna boasts a loyal fanbase known as \"Kuriosas,\" who are famous for their passionate celebrations and unwavering support. The club's most iconic moment came in 2005 when they narrowly avoided relegation after a controversial penalty decision in the final match. This incident has left an indelible mark on Osasuna's legacy, shaping their identity as a team that fights tooth and nail. Among their biggest rivals are Real Sociedad (the \"Basque derby\"), Athletic Bilbao, and Sevilla FC, with each rivalry carrying a unique history and intensity.</p>\n\n<h4>League History:</h4>\n<p>Osasuna has spent most of its history in the top two tiers of Spanish football, with periodic returns to the First Division. The club's league history is defined by its battles against Real Sociedad and Sevilla FC, which are among the most anticipated matches in Spanish football. The \"Basque derby\" between Osasuna and Real Sociedad is renowned for its intensity and passion, often drawing comparisons to the El Clásico. Athletic Bilbao has also been a fierce rival, with their encounters often decisive in both team's seasons. Sevilla FC, despite their status as a major club, have faced tough competitions against Osasuna, particularly in recent years. The league success of both clubs is often measured by their head-to-head records, making each match a high-stakes encounter.</p>\n\n<h4>Club Philosophy:</h4>\n<p>Osasuna's playing style has historically been characterized by attacking flair and tenacity in defense. The club emphasizes quick transitions and exploiting the wings, relying on wingers to create scoring opportunities. Defensively, Osasuna is known for its organization and ability to counter-attack effectively. Their philosophy also extends to developing young talent, with many players progressing through their youth system to become first-team regulars. Transfer-wise, Osasuna tends to focus on signings that fit their style while occasionally making calculated big-money moves to strengthen key positions. This approach reflects a balance between tradition and ambition, aiming to maintain their unique identity while competing at higher levels.</p>\n\n<h4>Club Influence and Achievements:</h4>\n<p>Osasuna's influence in Spanish football is undeniable, particularly in regions like Navarra and the Basque Country. The club has inspired countless young players to pursue their passion for football, embodying the spirit of resilience and teamwork. Their most successful season came in 2005-06 when they finished sixth in La Liga despite a late-season slip-up that nearly cost them relegation. This achievement remains a point of pride for the club's fans. Osasuna has also tasted success in European competitions, notably reaching the UEFA Europa League quarterfinals in 2017-18. The club's legends include forwards like Luis Suárez and Juan Antonio Martínez, who have left an indelible mark on their respective positions. Currently, players like Rubén Garcés and Moncayu Ruíz continue to carry the torch, ensuring Osasuna's legacy as a competitive force in Spanish football.</p>", "created_at": "2025-03-03T00:39:06.142Z"}}, {"model": "cmGenerator.story", "pk": 3, "fields": {"user": 1, "club": "SV Elversberg", "formation": "4-3-3(5)", "challenge": "Beat the league's top-scorer record", "background": "<h4>Club Backstory:</h4>\n<p>SV Elversberg, founded in 1903, is one of the oldest football clubs in Germany. Originally known as Sportliche Verbindung Elversberg, the club became SV Elversberg in 1911 and has since become a cornerstone of German football culture. The club’s early years were marked by modest success, with brief stints in regional leagues before rising to prominence in the late 1940s. During this period, SV Elversberg earned promotion to the Gauliga, one of Germany’s top-tier leagues at the time, and began to establish itself as a competitive force in German football. The club’s nickname, \"Die Roten Teufel\" (The Red Devils), was adopted in the 1960s and has since become synonymous with their fierce rivalry with neighboring clubs like Borussia Neunkirchen and FC Schalke 04. Over the decades, SV Elversberg has weathered financial struggles and relegations but has maintained its place as a respected name in German football.</p>\n\n<h4>League History:</h4>\n<p>SV Elversberg’s league history is deeply tied to the Ruhr Area’s rich football tradition. The club spent much of the 20th century competing in the Oberliga and later the Bundesliga, but it was their rivalry with Borussia Neunkirchen that defined their early success. The two clubs became bitter rivals due to geographical proximity and a fierce competition on the pitch, leading to numerous thrilling matches over the years. Similarly, SV Elversberg’s rivalry with FC Schalke 04 stems from historical dominance in the Ruhr area, with both clubs claiming precedence in local football culture. The third major rivalry is with Duisburg, a city neighbor to Elversberg, which has led to intense derby matches throughout their history. Finally, their competition with Werder Bremen dates back to the late 1950s and has become a symbol of northern German football’s cultural clash. These rivalries have shaped SV Elversberg’s identity as a club deeply rooted in regional pride and football heritage.</p>\n\n<h4>Club Philosophy:</h4>\n<p>SV Elversberg’s philosophy is built on a combination of attacking flair and defensive resilience, reflecting the club’s proud history. The team emphasizes quick transitions, precise passing, and clinical finishing to overcome opponents, often utilizing wingers and overlapping full-backs to exploit defensive gaps. Defensively, the club prioritizes organization, discipline, and set-piece accuracy to counter-attack effectively. This style has been passed down through generations of players and managers, creating a consistent identity that appeals to fans and opponents alike. Transfer-wise, SV Elversberg focuses on signing young talent with potential to develop into world-class players, often investing in promising forwards and midfielders. The club’s scouting network is renowned for identifying hidden gems, which has been key to their recent success in nurturing players like Kevin Volland and Dominik Szoboszlai.</p>\n\n<h4>Club Influence and Achievements:</h4>\n<p>SV Elversberg’s influence extends far beyond their local region, shaping modern German football through their philosophy and player development. The club’s most successful season came in 1972-73 when they finished third in the Bundesliga, a feat that remains a highlight in their history. In continental competitions, SV Elversberg reached the UEFA Europa League quarterfinals in 1993-94, a landmark achievement for a club of their size. The club has also produced numerous legends, including Herbert Dielmann, who scored over 200 goals for the team, and Hans-Joachim Beier, a commanding defender whose leadership defined the club’s defensive ethos. Current stars like Kevin Volland and Dominik Szoboszlai have carried the torch, embodying the club’s attacking spirit while building their own legacies. SV Elversberg’s legacy as a punching bag for bigger clubs has also inspired generations of players to fight harder on the pitch, making them a symbol of resilience and determination in German football.</p>", "created_at": "2025-03-03T00:43:16.203Z"}}, {"model": "cmGenerator.story", "pk": 4, "fields": {"user": 1, "club": "Slavia Prague", "formation": "5-2-2-1", "challenge": "Only use right-foot players", "background": "<h4>Club Backstory:</h4>\n<p>Founded in 1924, Club Atletico Osasuna, colloquially known as \"The Green Monster,\" is one of the most iconic clubs in Spanish football. The club's roots trace back to a merger between two local teams, Osasuna and Calvo Sotelo, which united under the green and white colors. Over the decades, Osasuna has become synonymous with passion, intensity, and a unique identity that sets them apart from their rivals. Their nickname, \"Los Verdiblancos,\" reflects their iconic green and white strip, a symbol of pride for the club's loyal fans. The club's history is marked by memorable moments, including their first major trophy in 1990, a league title under manager Luis Aragonés. However, it was Osasuna's ability to consistently compete against larger rivals that truly solidified their place in Spanish football history.</p>\n\n<h4>League History:</h4>\n<p>The Primera División, Spain's top-tier league, has been the stage for Club Atletico Osasuna's battles with some of the most storied clubs in the sport. While Barcelona and Real Madrid are often cited as the two biggest rivals due to their historical dominance and el Clásico rivalry, Osasuna's primary competitors have historically been other northern-based clubs like Athletic Bilbao, Real Sociedad, and Sevilla. The Basque-derived clubs share a unique identity based on regional pride and traditional styles. Osasuna's greatest rivalries also extend to Atalanta, a club with whom they share a fierce competition for supremacy in the mid-table. The history between these teams is not just about points but about pride, tradition, and the cultural clash between differing philosophies and fanbases.</p>\n\n<h4>Club Philosophy:</h4>\n<p>Osasuna's philosophy revolves around a unique blend of aggressive pressing and intricate passing, a style often referred to as \"La Zurda,\" or The Left-Feeder. The club prioritizes developing young talent, relying on the La Liga system to identify and nurture promising players. Their transfer strategy has historically focused on signing players from the lower divisions, emphasizing a commitment to homegrown talent and community engagement. On the field, Osasuna's style is characterized by high energy, quick transitions, and an unyielding defensive work rate. The club's identity is further defined by their ability to compete against teams with greater financial resources, often relying on teamwork and resilience rather than individual star power.</p>\n\n<h4>Club Influence and Achievements:</h4>\n<p>Club Atletico Osasuna has had a profound impact on Spanish football, exemplifying the importance of regional pride and identity in the game. Their most successful season came in 1990-91, when they won the league title under the guidance of Luis Aragonés, a club legend who remains one of the most celebrated managers in Osasuna's history. The club has also achieved success in European competitions, reaching the UEFA Cup final in 1973 and again in 2007, showcasing their ability to compete at the highest level. Over the years, Osasuna has been a breeding ground for talent, producing players like Fernando Hierro, who went on to become a World Cup winner with Spain. Even today, the club continues to inspire young players worldwide, symbolizing the triumph of passion and teamwork over wealth and resources.</p>", "created_at": "2025-03-03T00:46:11.558Z"}}, {"model": "cmGenerator.story", "pk": 5, "fields": {"user": 1, "club": "Maritimo", "formation": "3-5-2", "challenge": "Sell any player above 80 over and try to win the league/UCL", "background": "Here’s the requested information about Maritimo in an HTML format with the according tags:\n\n<h4>Club Backstory:</h4>\n<p>Founded in 1919, Maritimo is one of the most storied clubs in Portuguese football, with a rich history rooted in the fishing traditions of Madeira. The club has spent much of its existence competing in the Primeira Liga, often rubbing elbows with the likes of Porto and Benfica, who have dominated the league for decades. Their rivalry with Porto dates back to the 1930s, with matches often referred to as the \"Matches of Honor.\" Maritimo's clashes with Vasco da Gama are equally intense, dating back to their early days in the league.</p>\n\n<h4>League History:</h4>\n<p>The Portuguese Primeira Liga is a highly competitive league, with Porto, Benfica, and Atlético Madrid often leading the pack. Maritimo has historically been one of the teams that challenge these giants, particularly in the late 1940s and 1950s. Their biggest rivals include Porto, due to their shared dominance in the early 1950s, and Vasco da Gama, a club with a deep-rooted rivalry dating back to Maritimo's first seasons in the league. Benfica is another formidable rival, with matches between the two often producing thrilling results. The rivalry between Maritimo and CD Nacional is also significant, with their meetings often being highly anticipated.</p>\n\n<h4>Club Philosophy:</h4>\n<p>Maritimo's philosophy revolves around a balanced attacking style that emphasizes quick transitions and precise passing. They prioritize signing versatile players who can adapt to multiple positions, allowing for fluid movements on the field. The club also values developing young talent, often giving opportunities to local players before recruiting high-profile signings. In terms of transfers, Maritimo has been known to target young stars with potential, often investing in players who can grow into key assets for both the team and the club's future.</p>\n\n<h4>Club Influence and Achievements:</h4>\n<p>Maritimo has left an indelible mark on Portuguese football, particularly during their golden era in the 1950s. They won their first Primeira Liga title in 1956-57, a season that cemented their place among the league's elite. The club also reached the final of the European Cup Winners' Cup in 1964-65, narrowly losing to Inter Milan. Maritimo has consistently produced world-class players over the years, including iconic figures like Eusebio, who later played for Benfica and Real Madrid. More recently, stars like Nani have bolstered their reputation as a club that can compete at the highest level. Their influence extends beyond Portugal, with many of their former players going on to succeed internationally.</p>", "created_at": "2025-03-03T00:50:17.334Z"}}, {"model": "cmGenerator.season", "pk": 1, "fields": {"story": 1, "season": "23/24", "created_at": "2025-03-02T16:06:57.816Z"}}, {"model": "cmGenerator.season", "pk": 2, "fields": {"story": 1, "season": "24/25", "created_at": "2025-03-02T16:07:00.522Z"}}, {"model": "cmGenerator.season", "pk": 3, "fields": {"story": 1, "season": "25/26", "created_at": "2025-03-02T16:07:10.066Z"}}, {"model": "cmGenerator.season", "pk": 4, "fields": {"story": 1, "season": "26/27", "created_at": "2025-03-02T16:33:55.632Z"}}, {"model": "cmGenerator.season", "pk": 5, "fields": {"story": 1, "season": "27/28", "created_at": "2025-03-02T16:34:02.071Z"}}, {"model": "cmGenerator.season", "pk": 6, "fields": {"story": 2, "season": "23/24", "created_at": "2025-03-03T00:39:13.493Z"}}, {"model": "cmGenerator.season", "pk": 7, "fields": {"story": 2, "season": "24/25", "created_at": "2025-03-03T00:42:18.921Z"}}, {"model": "cmGenerator.season", "pk": 8, "fields": {"story": 2, "season": "25/26", "created_at": "2025-03-03T00:42:22.045Z"}}, {"model": "cmGenerator.season", "pk": 9, "fields": {"story": 3, "season": "24/24", "created_at": "2025-03-03T00:43:23.617Z"}}, {"model": "cmGenerator.season", "pk": 10, "fields": {"story": 3, "season": "25/25", "created_at": "2025-03-03T00:43:44.560Z"}}, {"model": "cmGenerator.season", "pk": 11, "fields": {"story": 4, "season": "24/24", "created_at": "2025-03-03T00:46:15.501Z"}}, {"model": "cmGenerator.season", "pk": 12, "fields": {"story": 4, "season": "24/25", "created_at": "2025-03-03T00:46:23.435Z"}}, {"model": "cmGenerator.season", "pk": 13, "fields": {"story": 4, "season": "25/26", "created_at": "2025-03-03T00:46:28.393Z"}}, {"model": "cmGenerator.season", "pk": 14, "fields": {"story": 5, "season": "24/25", "created_at": "2025-03-03T00:50:21.112Z"}}, {"model": "cmGenerator.season", "pk": 15, "fields": {"story": 5, "season": "25/26", "created_at": "2025-03-03T00:50:24.058Z"}}, {"model": "cmGenerator.seasonplayerstats", "pk": 1, "fields": {"story": 1, "player_name": "Messi", "season": "23/24", "overall_rating": 0, "appearances": 0, "goals": 0, "assists": 0, "clean_sheets": 0, "red_cards": 0, "yellow_cards": 0, "average_rating": "0.00"}}, {"model": "cmGenerator.seasonplayerstats", "pk": 2, "fields": {"story": 1, "player_name": "Ronaldo", "season": "25/26", "overall_rating": 0, "appearances": 0, "goals": 0, "assists": 0, "clean_sheets": 0, "red_cards": 0, "yellow_cards": 0, "average_rating": "0.00"}}, {"model": "cmGenerator.seasonplayerstats", "pk": 3, "fields": {"story": 1, "player_name": "Suarez", "season": "25/26", "overall_rating": 0, "appearances": 0, "goals": 0, "assists": 0, "clean_sheets": 0, "red_cards": 0, "yellow_cards": 0, "average_rating": "0.00"}}, {"model": "cmGenerator.seasonplayerstats", "pk": 4, "fields": {"story": 1, "player_name": "Bale", "season": "25/26", "overall_rating": 0, "appearances": 0, "goals": 0, "assists": 0, "clean_sheets": 0, "red_cards": 0, "yellow_cards": 0, "average_rating": "0.00"}}, {"model": "cmGenerator.seasonplayerstats", "pk": 5, "fields": {"story": 1, "player_name": "Benzema", "season": "27/28", "overall_rating": 0, "appearances": 0, "goals": 0, "assists": 0, "clean_sheets": 0, "red_cards": 0, "yellow_cards": 0, "average_rating": "0.00"}}, {"model": "cmGenerator.seasonplayerstats", "pk": 6, "fields": {"story": 1, "player_name": "Ronaldo", "season": "27/28", "overall_rating": 0, "appearances": 0, "goals": 0, "assists": 0, "clean_sheets": 0, "red_cards": 0, "yellow_cards": 0, "average_rating": "0.00"}}, {"model": "cmGenerator.seasonplayerstats", "pk": 7, "fields": {"story": 1, "player_name": "Sergio Busquets", "season": "23/24", "overall_rating": 0, "appearances": 0, "goals": 0, "assists": 0, "clean_sheets": 0, "red_cards": 0, "yellow_cards": 0, "average_rating": "0.00"}}, {"model": "cmGenerator.seasonplayerstats", "pk": 8, "fields": {"story": 1, "player_name": "Luis Suarez", "season": "23/24", "overall_rating": 0, "appearances": 0, "goals": 0, "assists": 0, "clean_sheets": 0, "red_cards": 0, "yellow_cards": 0, "average_rating": "0.00"}}, {"model": "cmGenerator.seasonplayerstats", "pk": 9, "fields": {"story": 5, "player_name": "test", "season": "24/25", "overall_rating": 0, "appearances": 0, "goals": 4, "assists": 0, "clean_sheets": 0, "red_cards": 0, "yellow_cards": 0, "average_rating": "0.00"}}, {"model": "cmGenerator.seasonplayerstats", "pk": 10, "fields": {"story": 5, "player_name": "Ronaldo", "season": "24/25", "overall_rating": 0, "appearances": 0, "goals": 0, "assists": 0, "clean_sheets": 0, "red_cards": 0, "yellow_cards": 0, "average_rating": "0.00"}}, {"model": "cmGenerator.seasonplayerstats", "pk": 11, "fields": {"story": 5, "player_name": "Luis Suarez", "season": "24/25", "overall_rating": 0, "appearances": 0, "goals": 24, "assists": 0, "clean_sheets": 0, "red_cards": 0, "yellow_cards": 0, "average_rating": "0.00"}}, {"model": "cmGenerator.seasonplayerstats", "pk": 12, "fields": {"story": 5, "player_name": "New Player2", "season": "24/25", "overall_rating": 0, "appearances": 0, "goals": 0, "assists": 0, "clean_sheets": 0, "red_cards": 0, "yellow_cards": 0, "average_rating": "0.00"}}, {"model": "cmGenerator.seasonplayerstats", "pk": 13, "fields": {"story": 5, "player_name": "New Player", "season": "24/25", "overall_rating": 0, "appearances": 0, "goals": 0, "assists": 0, "clean_sheets": 0, "red_cards": 0, "yellow_cards": 0, "average_rating": "0.00"}}, {"model": "cmGenerator.seasonplayerstats", "pk": 14, "fields": {"story": 5, "player_name": "New Player4", "season": "24/25", "overall_rating": 0, "appearances": 0, "goals": 0, "assists": 0, "clean_sheets": 0, "red_cards": 0, "yellow_cards": 0, "average_rating": "0.00"}}, {"model": "cmGenerator.seasonplayerstats", "pk": 15, "fields": {"story": 5, "player_name": "New Player3", "season": "24/25", "overall_rating": 0, "appearances": 0, "goals": 3, "assists": 0, "clean_sheets": 0, "red_cards": 0, "yellow_cards": 0, "average_rating": "0.00"}}, {"model": "cmGenerator.seasonplayerstats", "pk": 16, "fields": {"story": 5, "player_name": "New Player 8", "season": "24/25", "overall_rating": 0, "appearances": 0, "goals": 0, "assists": 0, "clean_sheets": 0, "red_cards": 0, "yellow_cards": 0, "average_rating": "0.00"}}, {"model": "cmGenerator.seasonplayerstats", "pk": 17, "fields": {"story": 5, "player_name": "New Player 9", "season": "24/25", "overall_rating": 0, "appearances": 0, "goals": 0, "assists": 0, "clean_sheets": 0, "red_cards": 0, "yellow_cards": 0, "average_rating": "0.00"}}, {"model": "cmGenerator.seasonplayerstats", "pk": 18, "fields": {"story": 5, "player_name": "New Player 10", "season": "24/25", "overall_rating": 0, "appearances": 0, "goals": 0, "assists": 0, "clean_sheets": 0, "red_cards": 0, "yellow_cards": 0, "average_rating": "0.00"}}, {"model": "cmGenerator.seasonplayerstats", "pk": 19, "fields": {"story": 5, "player_name": "New Player 1", "season": "25/26", "overall_rating": 0, "appearances": 0, "goals": 0, "assists": 0, "clean_sheets": 0, "red_cards": 0, "yellow_cards": 0, "average_rating": "0.00"}}, {"model": "cmGenerator.seasonplayerstats", "pk": 20, "fields": {"story": 5, "player_name": "New Player", "season": "25/26", "overall_rating": 0, "appearances": 0, "goals": 0, "assists": 0, "clean_sheets": 0, "red_cards": 0, "yellow_cards": 0, "average_rating": "0.00"}}, {"model": "cmGenerator.seasonplayerstats", "pk": 21, "fields": {"story": 5, "player_name": "New Player 3", "season": "25/26", "overall_rating": 0, "appearances": 0, "goals": 0, "assists": 0, "clean_sheets": 0, "red_cards": 0, "yellow_cards": 0, "average_rating": "0.00"}}, {"model": "cmGenerator.seasonplayerstats", "pk": 22, "fields": {"story": 5, "player_name": "New Player 4", "season": "25/26", "overall_rating": 0, "appearances": 0, "goals": 0, "assists": 0, "clean_sheets": 0, "red_cards": 0, "yellow_cards": 0, "average_rating": "0.00"}}, {"model": "cmGenerator.seasonplayerstats", "pk": 23, "fields": {"story": 5, "player_name": "New Player 5", "season": "25/26", "overall_rating": 0, "appearances": 0, "goals": 0, "assists": 0, "clean_sheets": 0, "red_cards": 0, "yellow_cards": 0, "average_rating": "0.00"}}, {"model": "cmGenerator.seasonawards", "pk": 1, "fields": {"story": 1, "season": "27/28", "la_liga_winner": "Real Madrid", "serie_a_winner": "Juventus", "bundesliga_winner": "Bayern Munich", "ligue_1_winner": "PSG", "premier_league_winner": "Manchester City", "champions_league_winner": "Real Madrid", "europa_league_winner": "Manchester United", "conference_league_winner": "AS Roma", "super_cup_winner": "Atalanta", "balon_dor_winner": "Lionel Messi", "golden_boy_winner": "Jude Bellingham"}}, {"model": "cmGenerator.transfer", "pk": 1, "fields": {"story": 5, "season": "25/26", "player_name": "Nuno Mendes", "club": "Real Madrid", "fee": "€999999999", "direction": "in"}}, {"model": "cmGenerator.transfer", "pk": 2, "fields": {"story": 5, "season": "25/26", "player_name": "New Player", "club": "New Club", "fee": "€0", "direction": "out"}}, {"model": "cmGenerator.transfer", "pk": 3, "fields": {"story": 5, "season": "25/26", "player_name": "New Player", "club": "Former Club", "fee": "€0", "direction": "in"}}]